text,size
car,13
said,13
driver,10
would,10
companies,8
could,7
hopper,7
mayhem,7
one,7
time,7
accident,6
also,6
aquaria,6
last,6
passengers,6
role,6
scene,6
selfdriving,6
stewart,6
team,6
world,6
asked,5
clark,5
controlled,5
died,5
end,5
get,5
including,5
known,5
like,5
love,5
monique,5
possession,5
safety,5
track,5
two,5
von,5
way,5
wittkamp,5
actor,4
angeles,4
autonomous,4
back,4
blair,4
change,4
days,4
find,4
first,4
house,4
look,4
los,4
many,4
marijuana,4
month,4
nebraska,4
never,4
prix,4
public,4
racing,4
really,4
released,4
rules,4
see,4
substance,4
us,4
vehicle,4
week,4
without,4
yuhua,4
actress,3
allowed,3
anybody,3
apps,3
bird,3
california,3
called,3
champion,3
course,3
crash,3
death,3
didnt,3
drag,3
drivers,3
drug,3
dungeon,3
dusty,3
ever,3
formula,3
found,3
four,3
grand,3
hockenheim,3
kiki,3
killed,3
later,3
left,3
less,3
life,3
living,3
maxichallenge,3
minutes,3
mont,3
mother,3
moved,3
others,3
painted,3
proposal,3
psilocybin,3
race,3
relationship,3
show,3
stewarts,3
struck,3
success,3
testing,3
told,3
trees,3
triple,3
trump,3
vanjie,3
weeks,3
went,3
woman,3
year,3
acted,2
addict,2
afternoon,2
allegedly,2
already,2
amphetamine,2
april,2
around,2
arrest,2
arrested,2
asia,2
away,2
backup,2
bad,2
bear,2
big,2
bit,2
board,2
body,2
bottle,2
bottoms,2
bring,2
bus,2
buttrface,2
call,2
captain,2
cars,2
challenge,2
character,2
charged,2
circuit,2
clear,2
close,2
closely,2
collar,2
come,2
comment,2
commission,2
consent,2
consumers,2
control,2
county,2
dance,2
dangerous,2
demon,2
dennis,2
despite,2
die,2
divorce,2
dmv,2
driverless,2
drove,2
editing,2
empty,2
entire,2
eureka,2
evening,2
family,2
far,2
fashion,2
feathers,2
fibstr,2
fight,2
film,2
fine,2
francisco,2
free,2
girls,2
give,2
grams,2
great,2
hamilton,2
heard,2
home,2
hot,2
immediate,2
included,2
indianapolis,2
industry,2
injured,2
issued,2
italian,2
jack,2
jesus,2
jim,2
kameron,2
largely,2
link,2
lotus,2
madam,2
made,2
may,2
miller,2
model,2
moment,2
months,2
must,2
named,2
near,2
next,2
number,2
offense,2
offered,2
ohara,2
opened,2
outside,2
partner,2
people,2
phone,2
picking,2
played,2
power,2
practice,2
presumably,2
proof,2
proposed,2
punishable,2
queen,2
queens,2
quiet,2
raced,2
regular,2
regulators,2
rehab,2
religious,2
reports,2
ru,2
safe,2
sandwich,2
saying,2
second,2
sent,2
serving,2
set,2
shrine,2
simply,2
sister,2
son,2
sparkling,2
spent,2
sport,2
standard,2
state,2
step,2
still,2
stopped,2
story,2
strong,2
switzerland,2
take,2
taken,2
teammates,2
thought,2
trooper,2
truly,2
uber,2
utilities,2
vehicles,2
victories,2
view,2
well,2
wife,2
wig,2
winning,2
workroom,2
wright,2
x,2
years,2
youll,2
12foothigh,1
26yearold,1
49yearold,1
50th,1
78yearold,1
absolutely,1
academy,1
accept,1
acquainted,1
acrid,1
across,1
activist,1
activity,1
actually,1
added,1
addiction,1
additional,1
adduction,1
admitted,1
admittedly,1
aftermath,1
agency,1
airport,1
alive,1
allow,1
allowing,1
alltime,1
almost,1
along,1
alphabet,1
alphabetical,1
alright,1
amateur,1
american,1
americans,1
anniversary,1
another,1
answer,1
apartment,1
apiece,1
apogee,1
appalling,1
apparently,1
arachnia,1
arc,1
arizona,1
arrows,1
articulate,1
assented,1
association,1
assume,1
attempt,1
attorney,1
auctioned,1
august,1
authorities,1
avian,1
awardwinning,1
ayrton,1
badly,1
bahrain,1
bark,1
barking,1
barriers,1
bars,1
bearing,1
bears,1
beating,1
beautiful,1
beauty,1
became,1
bed,1
began,1
beginning,1
behind,1
beliefs,1
believe,1
bemoaning,1
bench,1
benevolently,1
benjamin,1
best,1
beyond,1
birds,1
bleeding,1
blessedly,1
blew,1
blood,1
bond,1
borders,1
born,1
borrowed,1
bossy,1
bottom,1
brad,1
bradshaw,1
brain,1
brave,1
brazils,1
break,1
breath,1
bride,1
british,1
brm,1
broken,1
bubbles,1
built,1
bull,1
bulletproof,1
busy,1
butter,1
caged,1
calculated,1
californias,1
calmly,1
campaigning,1
candidate,1
cannot,1
captured,1
cards,1
career,1
carrie,1
carrying,1
case,1
cast,1
catapulted,1
caused,1
celebrity,1
century,1
championships,1
changed,1
changing,1
charge,1
charges,1
charismatic,1
charitable,1
chase,1
chewed,1
chided,1
chocolate,1
choice,1
chris,1
citation,1
cite,1
citizens,1
city,1
claimed,1
claiming,1
clair,1
clearly,1
co,1
cobweb,1
coda,1
combativeness,1
comes,1
coming,1
commanded,1
commanding,1
commercial,1
commercials,1
commissions,1
commitment,1
committing,1
commonly,1
compatriot,1
competition,1
complement,1
complete,1
completed,1
compromise,1
concept,1
concerns,1
concluded,1
conditions,1
conducted,1
confessional,1
confirmed,1
conflama,1
consecutive,1
consequences,1
consistently,1
constant,1
contact,1
contends,1
contracted,1
conversion,1
cork,1
country,1
couple,1
court,1
courtney,1
covered,1
crabbed,1
cracker,1
crawl,1
crawling,1
crediting,1
cried,1
cropped,1
crowd,1
csan,1
cure,1
cutout,1
dad,1
dalgleish,1
damages,1
daring,1
dating,1
deadly,1
decisions,1
declared,1
deep,1
defense,1
defensive,1
deflated,1
demand,1
demanded,1
dementia,1
department,1
deputy,1
derail,1
descended,1
deservedly,1
detected,1
deus,1
developers,1
dinnertheater,1
director,1
disabled,1
discipline,1
discover,1
discovered,1
dispatcher,1
display,1
distinctive,1
distraction,1
dominant,1
dominated,1
dominatrix,1
dominatrixlike,1
donald,1
doomsayer,1
doomsday,1
drama,1
dreamgirl,1
dress,1
driving,1
drugs,1
drugtreatment,1
due,1
dug,1
duns,1
dusting,1
dylan,1
e,1
earlier,1
early,1
easy,1
economy,1
edge,1
effect,1
endings,1
enough,1
ensure,1
episode,1
equally,1
era,1
eurekas,1
everybody,1
everyones,1
ex,1
exchanges,1
exclusive,1
existing,1
exited,1
exorcism,1
exorcists,1
extant,1
eyes,1
eyewear,1
face,1
faces,1
fact,1
facts,1
failing,1
failure,1
fair,1
fake,1
fame,1
familys,1
famous,1
famously,1
fangio,1
farmer,1
farreaching,1
fascinated,1
fast,1
fatality,1
fate,1
feathered,1
featuring,1
federal,1
feeling,1
fell,1
felony,1
fendi,1
fever,1
fiance,1
fifth,1
fighting,1
file,1
filed,1
filings,1
filmmaker,1
finalized,1
finally,1
finest,1
flag,1
flock,1
flogged,1
florida,1
fly,1
focus,1
fog,1
followed,1
forest,1
former,1
fortunate,1
forward,1
fours,1
frances,1
freewheeling,1
french,1
frenchman,1
fresh,1
friday,1
friend,1
front,1
fully,1
funerals,1
funny,1
gag,1
gained,1
gamely,1
gay,1
geared,1
general,1
generation,1
germanys,1
girl,1
girlfriend,1
given,1
glass,1
gnarled,1
go,1
god,1
godson,1
going,1
gorgeous,1
grands,1
granite,1
greatest,1
greats,1
green,1
grip,1
grizabella,1
guest,1
guided,1
hair,1
hamasaki,1
hand,1
happen,1
hard,1
harder,1
hardnosed,1
hear,1
hearing,1
heart,1
heartbreaking,1
heather,1
heightened,1
helen,1
hell,1
help,1
helped,1
helping,1
heres,1
heretofore,1
hes,1
hidebound,1
high,1
hilarious,1
hillclimb,1
hogtied,1
hold,1
holes,1
holidayed,1
homosexual,1
honda,1
honored,1
hope,1
hopefully,1
hoping,1
hospital,1
humanely,1
humiliation,1
ill,1
illadvised,1
images,1
imola,1
implies,1
inc,1
incs,1
indecisive,1
information,1
inhabit,1
inner,1
inside,1
inspection,1
instantly,1
interstate,1
interview,1
investigation,1
italy,1
jackie,1
jail,1
james,1
jarama,1
jimmys,1
jo,1
job,1
jolting,1
juan,1
judge,1
judges,1
july,1
june,1
kelly,1
kept,1
kickstartered,1
kind,1
kindred,1
knees,1
knew,1
label,1
lack,1
lady,1
late,1
lateblooming,1
latrobe,1
latter,1
lawsuit,1
leader,1
least,1
legitimately,1
lent,1
let,1
liars,1
likes,1
limits,1
lincoln,1
lingering,1
lip,1
live,1
lived,1
london,1
lonely,1
looking,1
looks,1
loose,1
lost,1
lovely,1
lucy,1
ludovico,1
luxury,1
machine,1
madly,1
madrid,1
make,1
makeup,1
making,1
mama,1
managed,1
mandates,1
manner,1
manuel,1
mark,1
master,1
mate,1
meal,1
measure,1
meeee,1
meeting,1
members,1
memorial,1
memories,1
mentioned,1
methamphetamine,1
michael,1
michaels,1
mike,1
miles,1
milk,1
millennial,1
millions,1
mind,1
minds,1
mine,1
mini,1
minichallenge,1
missed,1
missing,1
mistress,1
miz,1
mode,1
models,1
molting,1
motor,1
motors,1
motorsports,1
mourning,1
movies,1
moving,1
much,1
muddled,1
mugging,1
muscle,1
museum,1
mushrooms,1
mute,1
mystic,1
nations,1
neb,1
neck,1
neither,1
nephew,1
netflix,1
nico,1
nicolson,1
noses,1
noting,1
nuerburgring,1
obscured,1
october,1
officials,1
old,1
older,1
omissions,1
onto,1
open,1
operating,1
operations,1
oratory,1
order,1
ordered,1
ostracism,1
oubliette,1
ounce,1
outdoors,1
outrageously,1
overdrove,1
owing,1
owner,1
pa,1
pack,1
packed,1
pain,1
pansexual,1
parents,1
part,1
passiveaggressively,1
pathological,1
patrol,1
payment,1
pedestrian,1
pennsylvania,1
perform,1
performance,1
performances,1
perhaps,1
period,1
permit,1
peter,1
photo,1
photographs,1
physically,1
pierced,1
pills,1
pit,1
pitiful,1
pitt,1
pizza,1
pleasure,1
plunged,1
pointless,1
poke,1
political,1
polyamorous,1
poor,1
popped,1
porn,1
possessed,1
possible,1
possibly,1
posting,1
postrelease,1
poured,1
preppers,1
presence,1
present,1
presided,1
prevent,1
previous,1
previously,1
princess,1
prison,1
privately,1
problem,1
promise,1
property,1
prophecy,1
prophesies,1
protection,1
protections,1
proved,1
provide,1
psychedelic,1
punching,1
puns,1
purseslapped,1
pursuit,1
push,1
quarter,1
question,1
quietly,1
raiment,1
rain,1
raise,1
raised,1
raising,1
rajneesheetoned,1
rather,1
ray,1
reached,1
react,1
reaction,1
reading,1
reality,1
rear,1
recalled,1
recommend,1
recounted,1
refused,1
regards,1
regretted,1
regulated,1
regulates,1
regulator,1
remains,1
remake,1
reminding,1
replied,1
reporting,1
representative,1
represents,1
require,1
resemble,1
resistant,1
respectable,1
respects,1
restaurant,1
restraints,1
retorted,1
retroactive,1
reuters,1
revamped,1
revelation,1
ride,1
ridehailing,1
rides,1
ridgemont,1
rigged,1
right,1
ripping,1
river,1
roadman,1
roadmans,1
robin,1
roles,1
rolling,1
ross,1
rouen,1
rubber,1
rudemptive,1
run,1
runway,1
rutherford,1
san,1
saturday,1
savaged,1
save,1
scarfiotti,1
schlesser,1
score,1
scot,1
scots,1
scottish,1
screen,1
scrutiny,1
sean,1
searched,1
season,1
seeking,1
seems,1
selfdescribed,1
sending,1
senna,1
sequence,1
service,1
setting,1
seven,1
severely,1
sex,1
shared,1
sharing,1
sheep,1
sheriffs,1
shied,1
short,1
signal,1
signaled,1
similarly,1
since,1
singersongwriter,1
single,1
skateboarding,1
skin,1
slaves,1
slung,1
small,1
smallminded,1
smelling,1
smooth,1
snatched,1
softly,1
somehow,1
someones,1
somersaulted,1
somerville,1
something,1
sometimes,1
sought,1
souls,1
sounds,1
soup,1
spain,1
speak,1
speed,1
spence,1
spider,1
spiral,1
spiritually,1
sports,1
spray,1
squealing,1
squeeze,1
st,1
standouts,1
starts,1
stint,1
stole,1
stop,1
strange,1
strapping,1
street,1
strongly,1
struggles,1
stunned,1
stunning,1
subdued,1
subjected,1
submissively,1
successive,1
sucker,1
suddenly,1
suffers,1
suit,1
supervision,1
surgery,1
surprisingly,1
suspended,1
suv,1
sweetfaced,1
swiping,1
switch,1
sync,1
taking,1
tale,1
television,1
ten,1
test,1
thank,1
theft,1
thenpresidential,1
therapist,1
therapy,1
though,1
thoughts,1
threat,1
three,1
throw,1
thrust,1
thursday,1
tight,1
times,1
tire,1
tired,1
titled,1
took,1
toothless,1
tops,1
tortorella,1
total,1
toward,1
town,1
township,1
toys,1
transport,1
transportation,1
travel,1
traveled,1
traveling,1
treatment,1
tribunereview,1
tried,1
trips,1
TRUE,1
truth,1
turn,1
turned,1
tweety,1
uberul,1
ugly,1
uma,1
undergo,1
underheralded,1
underserved,1
unearned,1
unique,1
unity,1
unwittingly,1
ushered,1
using,1
utility,1
variety,1
visitors,1
vixens,1
volvo,1
vomiting,1
voted,1
vulnerability,1
wailed,1
wanted,1
wanting,1
wants,1
war,1
warts,1
wasting,1
watch,1
waving,1
waymo,1
wearing,1
wednesday,1
weekend,1
weekends,1
wellknown,1
wept,1
westbound,1
wheel,1
whipped,1
whose,1
winner,1
woke,1
wonder,1
woodpaneled,1
word,1
work,1
wounded,1
wreckage,1
write,1
yet,1
yowling,1
